<?xml version="1.0" encoding="UTF-8"?>
<beans:beans xmlns="http://www.springframework.org/schema/mvc"
	xmlns:xsi="http://www.w3.org/2001/XMLSchema-instance"
	xmlns:beans="http://www.springframework.org/schema/beans"
	xmlns:context="http://www.springframework.org/schema/context"
	xmlns:task="http://www.springframework.org/schema/task"
	xmlns:aop="http://www.springframework.org/schema/aop"
	xsi:schemaLocation="http://www.springframework.org/schema/mvc http://www.springframework.org/schema/mvc/spring-mvc.xsd
		http://www.springframework.org/schema/beans http://www.springframework.org/schema/beans/spring-beans.xsd
		http://www.springframework.org/schema/context http://www.springframework.org/schema/context/spring-context.xsd
		http://www.springframework.org/schema/task http://www.springframework.org/schema/task/spring-task-4.0.xsd
		http://www.springframework.org/schema/aop http://www.springframework.org/schema/aop/spring-aop-4.3.xsd">

	<!-- DispatcherServlet Context: defines this servlet's request-processing infrastructure -->
	
	<!-- Enables the Spring MVC @Controller programming model -->
	<annotation-driven />

	<!-- Handles HTTP GET requests for /resources/** by efficiently serving up static resources in the ${webappRoot}/resources directory -->
	<resources mapping="/resources/**" location="/resources/" />

	<!-- Resolves views selected for rendering by @Controllers to .jsp resources in the /WEB-INF/views directory -->
	<beans:bean class="org.springframework.web.servlet.view.InternalResourceViewResolver">
		<beans:property name="prefix" value="/WEB-INF/views/" />
		<beans:property name="suffix" value=".jsp" />
	</beans:bean>
	
	<context:component-scan base-package="com.smart.mango" />
	
	<!-- multipartResolver -->
	<beans:bean id="multipartResolver" class="org.springframework.web.multipart.commons.CommonsMultipartResolver">
		<beans:property name="maxUploadSize" value="10000000" />
	</beans:bean>
	
	<!-- Exception Resolver -->
	<beans:bean id="exceptionMapping" 	class="org.springframework.web.servlet.handler.SimpleMappingExceptionResolver">
		<beans:property name="exceptionMappings">
			<beans:props>
				<beans:prop key="java.lang.Exception">/exception/EXCEPTION_INFO</beans:prop>
				<beans:prop 
					key="com.smart.mango.exception.UserNotFoundException">
					/exception/USER_NOT_FOUND_EXCEPTION
				</beans:prop>
			</beans:props>
		</beans:property>
	</beans:bean>
	
	<!-- Spring scheduler -->
	<task:scheduler id="scheduler" pool-size="50"/>
	<task:annotation-driven scheduler="scheduler"/>
	
	<!-- AOP -->
	<aop:aspectj-autoproxy />
	<beans:bean id="commonAop" class="com.smart.mango.common.controller.CommonAOP" /> 
</beans:beans>
